symbol,static_sites,static_tus,runtime_sites,status
ClientToScreen,3,1,0,static-only
CloseHandle,3,3,0,static-only
CoCreateInstance,2,1,0,static-only
CoInitialize,1,1,0,static-only
CoUninitialize,1,1,0,static-only
CreateFileA,3,3,1,both
CreateWindowExA,1,1,1,both
D3DXInitialize,2,1,0,static-only
D3DXUninitialize,2,1,0,static-only
DefWindowProcA,1,1,0,static-only
DestroyWindow,1,1,0,static-only
DirectDrawCreateEx,4,1,1,both
DirectDrawEnumerateExA,2,1,0,static-only
DirectInputCreateEx,1,1,1,both
DirectSoundCreate,1,1,0,static-only
DispatchMessageA,1,1,0,static-only
DrawMenuBar,1,1,2,both
FindClose,2,2,0,static-only
FindFirstFileA,2,2,0,static-only
FindNextFileA,2,2,0,static-only
FindWindowA,1,1,1,both
FlushFileBuffers,0,0,3,RUNTIME-ONLY
GetAsyncKeyState,1,1,0,static-only
GetClientRect,4,2,0,static-only
GetCurrentDirectoryA,2,2,0,static-only
GetDC,5,1,0,static-only
GetDeviceCaps,5,1,0,static-only
GetFileAttributesA,3,2,2,both
GetFileSize,1,1,0,static-only
GetMessageA,1,1,0,static-only
GetModuleHandleA,1,1,1,both
GetStartupInfoA,0,0,1,RUNTIME-ONLY
GetStockObject,1,1,1,both
GetSystemMetrics,11,3,2,both
GetVersionExA,1,1,0,static-only
GetWindowRect,2,2,0,static-only
GlobalAlloc,2,2,0,static-only
GlobalFree,2,2,0,static-only
GlobalHandle,6,2,0,static-only
GlobalLock,3,2,0,static-only
GlobalUnlock,3,2,0,static-only
IsEqualGUID,3,2,0,static-only
LoadCursorA,1,1,1,both
LoadIconA,1,1,1,both
MessageBoxA,3,2,1,both
NtdllDefWindowProc_A,0,0,39,RUNTIME-ONLY
PeekMessageA,1,1,2,both
PostQuitMessage,2,1,0,static-only
ReadFile,1,1,0,static-only
RedrawWindow,0,0,2,RUNTIME-ONLY
RegCloseKey,4,1,20,both
RegOpenKeyExA,4,1,20,both
RegQueryValueExA,1,1,5,both
RegisterClassA,1,1,1,both
RegisterWindowMessageA,0,0,30,RUNTIME-ONLY
ReleaseDC,3,1,0,static-only
SetCurrentDirectoryA,4,2,0,static-only
SetFocus,1,1,1,both
SetWindowPos,2,1,0,static-only
ShowCursor,9,3,0,static-only
ShowWindow,7,4,1,both
Sleep,1,1,0,static-only
StretchBlt,1,1,0,static-only
SystemParametersInfoA,2,1,2,both
TranslateMessage,1,1,0,static-only
UpdateWindow,2,2,1,both
WriteFile,4,2,9,both
__getmainargs,0,0,1,RUNTIME-ONLY
__p__commode,0,0,1,RUNTIME-ONLY
__p__fmode,0,0,1,RUNTIME-ONLY
__set_app_type,0,0,1,RUNTIME-ONLY
_controlfp,0,0,1,RUNTIME-ONLY
_initterm,0,0,2,RUNTIME-ONLY
_splitpath,5,2,0,static-only
_stricmp,11,1,3,both
_strlwr,3,2,0,static-only
acmDriverClose,2,1,0,static-only
acmDriverEnum,1,1,0,static-only
acmDriverOpen,3,1,0,static-only
acmMetrics,2,1,0,static-only
acmStreamClose,1,1,0,static-only
acmStreamConvert,1,1,0,static-only
acmStreamOpen,1,1,0,static-only
acmStreamPrepareHeader,1,1,0,static-only
calloc,0,0,8,RUNTIME-ONLY
fopen,0,0,2,RUNTIME-ONLY
free,0,0,14,RUNTIME-ONLY
lstrcpyA,4,3,3,both
lstrlenA,2,2,3,both
malloc,0,0,6,RUNTIME-ONLY
memmove,0,0,72,RUNTIME-ONLY
mmioAscend,1,1,0,static-only
mmioClose,2,1,0,static-only
mmioDescend,3,1,0,static-only
mmioGetInfo,1,1,0,static-only
mmioRead,3,1,0,static-only
mmioSeek,1,1,0,static-only
mmioSetInfo,1,1,0,static-only
realloc,0,0,70,RUNTIME-ONLY
srand,0,0,1,RUNTIME-ONLY
strncpy,0,0,32,RUNTIME-ONLY
time,0,0,1,RUNTIME-ONLY
timeGetTime,17,7,0,static-only
vsprintf,1,1,0,static-only
wsprintfA,2,1,0,static-only
