car	parts	verts	tris	kept_pct	runs	textures	refused	draws	holes	bridge_pct
205a1N	14	1204	888	100.0	27	8	0	27	0	0.0
205a5	11	992	921	100.0	14	7	0	14	0	4.67
205c1	14	1004	672	100.0	27	8	0	27	0	2.38
205c3	8	944	636	100.0	20	8	0	20	0	2.83
205c5	10	756	605	100.0	11	6	0	11	0	0.33
205d1	12	486	329	100.0	23	6	0	23	0	4.86
205d3	7	449	304	100.0	16	5	0	16	0	5.26
205e3	8	354	233	99.6	15	5	0	15	0	0.0
205f3	2	164	102	91.1	3	3	0	3	0	0.0
205f4	2	164	102	91.1	3	3	0	3	0	0.0
206a1L	4	344	288	100.0	12	3	0	12	0	0.0
206a1N	14	1147	894	100.0	27	8	0	27	0	0.0
206a1S	4	344	288	100.0	12	3	0	12	0	0.0
206a5	11	2409	1116	100.0	14	6	0	14	0	3.14
206c1	14	947	678	100.0	27	8	0	27	0	2.36
206c3	8	869	632	100.0	19	7	0	19	0	2.85
206c5	9	815	668	97.9	11	6	0	11	0	3.59
206d1	12	599	358	100.0	21	6	0	21	0	0.0
206d3	8	559	326	100.0	15	5	0	15	0	4.91
206e3	8	373	215	100.0	15	5	0	15	0	0.0
206f3	2	189	113	100.0	3	3	0	3	0	1.77
206f4	2	189	113	100.0	3	3	0	3	0	1.77
6r4a1L	4	344	288	100.0	12	3	0	12	0	0.0
6r4a1N	14	1360	884	100.0	29	8	0	29	0	0.0
6r4a1S	4	344	288	100.0	12	3	0	12	0	0.0
6r4a5	11	1009	881	100.0	12	7	0	12	0	3.18
6r4c1	14	1160	668	100.0	29	8	0	29	0	2.69
6r4c3	8	1093	633	100.0	19	8	0	19	0	2.84
6r4c5	10	785	629	100.0	12	6	0	12	0	0.95
6r4d1	12	624	343	100.0	19	6	0	19	0	0.0
6r4d3	8	597	322	100.0	15	5	0	15	0	4.97
6r4e3	8	431	242	100.0	15	5	0	15	0	0.0
6r4f3	2	217	116	100.0	3	3	0	3	0	0.0
6r4f4	2	217	116	100.0	3	3	0	3	0	0.0
auda1N	13	1126	714	100.0	25	8	0	25	0	3.08
audc1	13	1120	714	100.0	25	8	0	25	0	3.08
audc3	8	986	650	100.0	19	7	0	19	0	2.46
cora1L	4	344	288	100.0	12	3	0	12	0	0.0
cora1N	14	1088	884	100.0	26	8	0	26	0	0.0
cora1S	4	344	288	100.0	12	3	0	12	0	0.0
cora5	12	1032	1067	100.0	17	6	0	17	0	4.03
corc1	13	888	668	100.0	26	8	0	26	0	2.4
corc3	8	797	612	100.0	19	7	0	19	0	2.94
corc5	10	697	647	100.0	14	5	0	14	0	2.01
cord1	12	542	338	100.0	22	6	0	22	0	4.73
cord3	8	483	308	100.0	15	5	0	15	0	5.19
core3	8	398	236	100.0	15	5	0	15	0	6.78
corf3	2	201	119	100.0	3	3	0	3	0	1.68
corf4	2	201	119	100.0	3	3	0	3	0	1.68
esca1N	13	1132	894	100.0	19	7	0	19	0	0.0
esca5	10	1659	1094	100.0	10	5	0	10	0	4.66
escc1	13	932	678	100.0	19	7	0	19	0	2.36
escc3	8	832	643	100.0	18	7	0	18	0	2.8
escc5	10	1555	696	100.0	13	4	0	13	0	3.88
escd1	10	464	338	100.0	16	5	0	16	0	4.73
escd3	8	442	326	100.0	15	5	0	15	0	4.91
esce3	8	328	215	99.5	15	5	0	15	0	0.0
escf3	2	160	108	100.0	3	3	0	3	0	0.0
escf4	2	160	108	100.0	3	3	0	3	0	0.0
f99a1L	4	344	288	100.0	12	3	0	12	0	0.0
f99a1N	14	1166	935	100.0	28	8	0	28	0	0.0
f99a1S	4	344	288	100.0	12	3	0	12	0	0.0
f99a5	11	2365	1078	100.0	16	6	0	16	0	2.97
f99c1	14	966	719	100.0	28	8	0	28	0	2.23
f99c3	8	887	669	100.0	19	7	0	19	0	2.69
f99c5	10	1191	684	100.0	16	6	0	16	0	1.9
f99d1	12	550	347	100.0	19	6	0	19	0	0.0
f99d3	8	505	315	100.0	15	5	0	15	0	5.08
f99e3	8	400	223	100.0	15	5	0	15	0	0.0
f99f3	2	189	114	100.0	3	3	0	3	0	1.75
f99f4	2	189	114	100.0	3	3	0	3	0	1.75
fa1a1L	4	344	288	100.0	12	3	0	12	0	0.0
fa1a1N	14	1166	935	100.0	28	8	0	28	0	0.0
fa1a1S	4	344	288	100.0	12	3	0	12	0	0.0
fa1a5	11	2365	1078	100.0	16	6	0	16	0	2.97
fa1c1	14	966	719	100.0	28	8	0	28	0	2.23
fa1c3	8	887	669	100.0	19	7	0	19	0	2.69
fa1c5	10	1191	684	100.0	16	6	0	16	0	1.9
fa1d1	12	550	347	100.0	19	6	0	19	0	0.0
fa1d3	8	505	315	100.0	15	5	0	15	0	5.08
fa1e3	8	400	223	100.0	15	5	0	15	0	0.0
fa1f3	2	189	114	100.0	3	3	0	3	0	1.75
fa1f4	2	189	114	100.0	3	3	0	3	0	1.75
fa2a1L	4	344	288	100.0	12	3	0	12	0	0.0
fa2a1N	14	1166	935	100.0	28	8	0	28	0	0.0
fa2a1S	4	344	288	100.0	12	3	0	12	0	0.0
fa2a5	11	2365	1078	100.0	16	6	0	16	0	2.97
fa2c1	14	966	719	100.0	28	8	0	28	0	2.23
fa2c3	8	887	669	100.0	19	7	0	19	0	2.69
fa2c5	10	1191	684	100.0	16	6	0	16	0	1.9
fa2d1	12	550	347	100.0	19	6	0	19	0	0.0
fa2d3	8	505	315	100.0	15	5	0	15	0	5.08
fa2e3	8	400	223	100.0	15	5	0	15	0	0.0
fa2f3	2	189	114	100.0	3	3	0	3	0	1.75
fa2f4	2	189	114	100.0	3	3	0	3	0	1.75
foca1L	4	344	288	100.0	12	3	0	12	0	0.0
foca1N	14	1144	935	100.0	27	8	0	27	0	0.0
foca1S	4	344	288	100.0	12	3	0	12	0	0.0
foca5	11	2365	1078	100.0	16	6	0	16	0	2.97
focc1	14	944	719	100.0	27	8	0	27	0	2.23
focc3	8	867	665	100.0	19	7	0	19	0	2.71
focc5	10	1191	684	100.0	16	6	0	16	0	1.9
focd1	12	552	347	100.0	19	6	0	19	0	0.0
focd3	8	500	311	100.0	15	5	0	15	0	5.14
foce3	8	382	221	100.0	15	5	0	15	0	0.0
focf3	2	171	111	100.0	3	3	0	3	0	1.8
focf4	2	171	111	100.0	3	3	0	3	0	1.8
ia1a1L	4	344	288	100.0	12	3	0	12	0	0.0
ia1a1N	14	1243	897	100.0	28	8	0	28	0	0.0
ia1a1S	4	344	288	100.0	12	3	0	12	0	0.0
ia1a5	11	978	887	100.0	16	8	0	16	0	4.96
ia1c1	14	1043	681	100.0	28	8	0	28	0	2.64
ia1c3	8	969	635	100.0	19	7	0	19	0	2.52
ia1c5	10	707	560	100.0	15	7	0	15	0	1.07
ia1d1	12	559	331	100.0	19	6	0	19	0	0.0
ia1d3	8	519	307	100.0	15	5	0	15	0	5.21
ia1e3	8	420	231	100.0	15	5	0	15	0	0.0
ia1f3	2	182	112	100.0	3	3	0	3	0	0.0
ia1f4	2	182	112	100.0	3	3	0	3	0	0.0
ia2a1L	4	344	288	100.0	12	3	0	12	0	0.0
ia2a1N	14	1243	897	100.0	28	8	0	28	0	0.0
ia2a1S	4	344	288	100.0	12	3	0	12	0	0.0
ia2a5	11	978	887	100.0	16	8	0	16	0	4.96
ia2c1	14	1043	681	100.0	28	8	0	28	0	2.64
ia2c3	8	969	635	100.0	19	7	0	19	0	2.52
ia2c5	10	707	560	100.0	15	7	0	15	0	1.07
ia2d1	12	559	331	100.0	19	6	0	19	0	0.0
ia2d3	8	519	307	100.0	15	5	0	15	0	5.21
ia2e3	8	420	231	100.0	15	5	0	15	0	0.0
ia2f3	2	182	112	100.0	3	3	0	3	0	0.0
ia2f4	2	182	112	100.0	3	3	0	3	0	0.0
inta1L	4	344	288	100.0	12	3	0	12	0	0.0
inta1N	14	1243	897	100.0	28	8	0	28	0	0.0
inta1S	4	344	288	100.0	12	3	0	12	0	0.0
inta5	11	978	887	100.0	16	8	0	16	0	4.96
intc1	14	1043	681	100.0	28	8	0	28	0	2.64
intc3	8	969	635	100.0	19	7	0	19	0	2.52
intc5	10	707	560	100.0	15	7	0	15	0	1.07
intd1	12	559	331	100.0	19	6	0	19	0	0.0
intd3	8	519	307	100.0	15	5	0	15	0	5.21
inte3	8	420	231	100.0	15	5	0	15	0	0.0
intf3	2	182	112	100.0	3	3	0	3	0	0.0
intf4	2	182	112	100.0	3	3	0	3	0	0.0
ma1a1L	4	344	288	100.0	12	3	0	12	0	0.0
ma1a1N	14	1186	925	100.0	24	8	0	24	0	0.0
ma1a1S	4	344	288	100.0	12	3	0	12	0	0.0
ma1a5	12	3280	1152	100.0	14	6	0	14	0	2.17
ma1c1	14	970	709	100.0	24	8	0	24	0	2.26
ma1c3	8	863	641	100.0	19	7	0	19	0	2.81
ma1c5	11	1363	689	100.0	14	5	0	14	0	1.74
ma1d1	12	576	339	100.0	19	6	0	19	0	0.0
ma1d3	8	520	307	100.0	15	5	0	15	0	5.21
ma1e3	8	391	236	100.0	15	5	0	15	0	0.0
ma1f3	2	190	117	100.0	3	3	0	3	0	1.71
ma1f4	2	190	117	100.0	3	3	0	3	0	1.71
ma2a1L	4	344	288	100.0	12	3	0	12	0	0.0
ma2a1N	14	1186	925	100.0	24	8	0	24	0	0.0
ma2a1S	4	344	288	100.0	12	3	0	12	0	0.0
ma2a5	12	3280	1152	100.0	14	6	0	14	0	2.17
ma2c1	14	970	709	100.0	24	8	0	24	0	2.26
ma2c3	8	863	641	100.0	19	7	0	19	0	2.81
ma2c5	11	1363	689	100.0	14	5	0	14	0	1.74
ma2d1	12	576	339	100.0	19	6	0	19	0	0.0
ma2d3	8	520	307	100.0	15	5	0	15	0	5.21
ma2e3	8	391	236	100.0	15	5	0	15	0	0.0
ma2f3	2	190	117	100.0	3	3	0	3	0	1.71
ma2f4	2	190	117	100.0	3	3	0	3	0	1.71
ma3a1L	4	344	288	100.0	12	3	0	12	0	0.0
ma3a1N	14	1186	925	100.0	24	8	0	24	0	0.0
ma3a1S	4	344	288	100.0	12	3	0	12	0	0.0
ma3a5	12	3280	1152	100.0	14	6	0	14	0	2.17
ma3c1	14	970	709	100.0	24	8	0	24	0	2.26
ma3c3	8	863	641	100.0	19	7	0	19	0	2.81
ma3c5	11	1363	689	100.0	14	5	0	14	0	1.74
ma3d1	12	576	339	100.0	19	6	0	19	0	0.0
ma3d3	8	520	307	100.0	15	5	0	15	0	5.21
ma3e3	8	391	236	100.0	15	5	0	15	0	0.0
ma3f3	2	190	117	100.0	3	3	0	3	0	1.71
ma3f4	2	190	117	100.0	3	3	0	3	0	1.71
mina1N	14	1103	948	100.0	21	7	0	21	0	0.0
mina5	11	840	876	100.0	14	7	0	14	0	3.08
minc1	14	897	726	100.0	22	7	0	22	0	3.86
minc3	8	811	676	100.0	20	7	0	20	0	3.55
minc5	10	611	554	100.0	13	6	0	13	0	0.9
mind1	11	513	363	100.0	16	5	0	16	0	4.41
mind3	8	459	321	100.0	15	5	0	15	0	4.98
mine3	8	353	235	100.0	15	5	0	15	0	6.81
minf3	2	154	113	100.0	3	3	0	3	0	0.0
minf4	2	154	113	100.0	3	3	0	3	0	0.0
mita1L	4	344	288	100.0	12	3	0	12	0	0.0
mita1N	14	1186	925	100.0	24	8	0	24	0	0.0
mita1S	4	344	288	100.0	12	3	0	12	0	0.0
mita5	12	3280	1152	100.0	14	6	0	14	0	2.17
mitc1	14	970	709	100.0	24	8	0	24	0	2.26
mitc3	8	863	641	100.0	19	7	0	19	0	2.81
mitc5	11	1363	689	100.0	14	5	0	14	0	1.74
mitd1	12	576	339	100.0	19	6	0	19	0	0.0
mitd3	8	520	307	100.0	15	5	0	15	0	5.21
mite3	8	391	236	100.0	15	5	0	15	0	0.0
mitf3	2	190	117	100.0	3	3	0	3	0	1.71
mitf4	2	190	117	100.0	3	3	0	3	0	1.71
puma1L	4	344	288	100.0	12	3	0	12	0	0.0
puma1N	14	1072	911	100.0	24	8	0	24	0	0.0
puma1S	4	344	288	100.0	12	3	0	12	0	0.0
puma5	13	2468	1154	100.0	17	7	0	17	0	3.64
pumc1	14	872	695	100.0	24	8	0	24	0	2.3
pumc3	8	793	623	100.0	18	7	0	18	0	2.89
pumc5	11	1217	696	100.0	13	6	0	13	0	3.3
pumd1	12	471	334	100.0	21	6	0	21	0	0.0
pumd3	8	429	304	100.0	15	5	0	15	0	5.26
pume3	8	365	238	100.0	15	5	0	15	0	6.72
pumf3	2	166	124	100.0	3	3	0	3	0	1.61
pumf4	2	166	124	100.0	3	3	0	3	0	1.61
seaa1L	4	344	288	100.0	12	3	0	12	0	0.0
seaa1N	14	1280	892	100.0	25	8	0	25	0	0.0
seaa1S	4	344	288	100.0	12	3	0	12	0	0.0
seaa5	10	979	999	100.0	11	5	0	11	0	5.11
seac1	14	1080	676	100.0	25	8	0	25	0	2.37
seac3	8	949	618	100.0	19	7	0	19	0	2.91
seac5	9	720	679	100.0	11	5	0	11	0	3.24
sead1	12	513	332	100.0	19	6	0	19	0	0.0
sead3	8	473	308	100.0	15	5	0	15	0	5.19
seae3	8	376	232	100.0	15	5	0	15	0	0.0
seaf3	2	168	112	100.0	3	3	0	3	0	0.0
seaf4	2	168	112	100.0	3	3	0	3	0	0.0
siea1L	4	344	288	100.0	12	3	0	12	0	0.0
siea1N	14	1135	891	100.0	25	8	0	25	0	0.0
siea1S	4	344	288	100.0	12	3	0	12	0	0.0
siea5	11	989	939	100.0	14	8	0	14	0	4.37
siec1	14	935	675	100.0	27	8	0	27	0	2.37
siec3	8	856	628	100.0	19	7	0	19	0	2.87
siec5	10	693	606	100.0	13	7	0	13	0	1.82
sied1	12	503	326	100.0	19	6	0	19	0	0.0
sied3	8	451	297	100.0	15	5	0	15	0	5.39
siee3	7	364	220	100.0	16	5	0	16	0	0.0
sief3	2	209	120	100.0	3	3	0	3	0	1.67
sief4	2	209	120	100.0	3	3	0	3	0	1.67
stra1N	10	1115	915	100.0	21	7	0	21	0	0.0
stra5	11	1084	956	100.0	15	8	0	15	0	3.66
strc1	10	935	699	100.0	21	7	0	21	0	6.58
strc3	8	907	679	100.0	19	7	0	19	0	10.9
strc5	10	848	629	100.0	13	7	0	13	0	0.64
strd1	10	514	327	100.0	18	5	0	18	0	4.89
strd3	8	510	327	100.0	15	5	0	15	0	4.89
stre3	8	398	238	100.0	15	5	0	15	0	0.0
strf3	2	154	114	100.0	3	3	0	3	0	0.0
strf4	2	154	114	100.0	3	3	0	3	0	0.0
suba1L	4	344	288	100.0	12	3	0	12	0	0.0
suba1N	14	1116	910	100.0	23	8	0	23	0	0.0
suba1S	4	344	288	100.0	12	3	0	12	0	0.0
suba5	10	2207	990	100.0	12	5	0	12	0	3.23
subc1	14	916	694	100.0	23	8	0	23	0	2.31
subc3	8	821	644	100.0	19	8	0	19	0	2.8
subc5	9	1112	676	100.0	12	5	0	12	0	1.04
subd1	12	516	329	100.0	19	6	0	19	0	0.0
subd3	8	464	301	100.0	15	5	0	15	0	5.98
sube3	8	352	207	99.0	15	5	0	15	0	7.73
subf3	2	183	111	100.0	3	3	0	3	0	1.8
subf4	2	183	111	100.0	3	3	0	3	0	1.8
