symbol,dll_family,sites,tu_count,in_shim,FileBuffer.cpp,FrontendDraw.cpp,FrontendScreens.cpp,Game.cpp,GameInfo.cpp,GameMenus.cpp,GenericFileLoader.cpp,Graphics.cpp,Input.cpp,InstallInfo.cpp,Logger.cpp,RallyData.cpp,RegKey.cpp,Sound.cpp,StageObjects.cpp,ZlibGzio.cpp,main.cpp
timeGetTime,winmm,17,7,yes,,2,4,5,3,1,,,,,,1,,,,,1
GetSystemMetrics,user32,11,3,yes,,,,,5,,,4,,,,,,,,,2
_stricmp,crtshim,11,1,no,,,,,,,,,,11,,,,,,,
ShowCursor,user32,9,3,yes,2,,5,,,,,,,,,,,,,,2
ShowWindow,user32,7,4,yes,1,,3,,,,,1,,,,,,,,,2
GlobalHandle,kernel32,6,2,yes,4,,,,,,,2,,,,,,,,,
GetDC,user32,5,1,yes,,,,,,,,5,,,,,,,,,
GetDeviceCaps,gdi32,5,1,yes,,,,,,,,5,,,,,,,,,
_splitpath,crtshim,5,2,yes,,,,,,,,4,,,,,,,1,,
DirectDrawCreateEx,dx7-entry,4,1,yes,,,,,,,,4,,,,,,,,,
GetClientRect,user32,4,2,yes,,,,,1,,,3,,,,,,,,,
RegCloseKey,advapi32,4,1,yes,,,,,,,,,,,,,4,,,,
RegOpenKeyExA,advapi32,4,1,yes,,,,,,,,,,,,,4,,,,
SetCurrentDirectoryA,kernel32,4,2,yes,2,,,,2,,,,,,,,,,,,
WriteFile,kernel32,4,2,yes,,,,,,,,,,1,3,,,,,,
lstrcpyA,kernel32,4,3,no,,,,,,,,1,,2,1,,,,,,
ClientToScreen,user32,3,1,yes,,,,,,,,3,,,,,,,,,
CloseHandle,kernel32,3,3,yes,1,,,,,,,,,1,1,,,,,,
CreateFileA,kernel32,3,3,yes,1,,,,,,,,,1,1,,,,,,
GetFileAttributesA,kernel32,3,2,yes,2,,,,,,,,,1,,,,,,,
GlobalLock,kernel32,3,2,yes,2,,,,,,,1,,,,,,,,,
GlobalUnlock,kernel32,3,2,yes,2,,,,,,,1,,,,,,,,,
IsEqualGUID,ole32,3,2,no,,,1,,,,,,2,,,,,,,,
MessageBoxA,user32,3,2,yes,,,,,,,,2,,1,,,,,,,
ReleaseDC,user32,3,1,yes,,,,,,,,3,,,,,,,,,
_strlwr,crtshim,3,2,yes,,,,,,,1,2,,,,,,,,,
acmDriverOpen,winmm,3,1,yes,,,,,,,,,,,,,,3,,,
mmioDescend,winmm,3,1,yes,,,,,,,,,,,,,,3,,,
mmioRead,winmm,3,1,yes,,,,,,,,,,,,,,3,,,
CoCreateInstance,ole32,2,1,yes,,,,2,,,,,,,,,,,,,
D3DXInitialize,dx7-entry,2,1,no,,,,,,,,,,,,,,,,,2
D3DXUninitialize,dx7-entry,2,1,no,,,,,,,,,,,,,,,,,2
DirectDrawEnumerateExA,dx7-entry,2,1,yes,,,,,,,,2,,,,,,,,,
FindClose,kernel32,2,2,yes,1,,,,1,,,,,,,,,,,,
FindFirstFileA,kernel32,2,2,yes,1,,,,1,,,,,,,,,,,,
FindNextFileA,kernel32,2,2,yes,1,,,,1,,,,,,,,,,,,
GetCurrentDirectoryA,kernel32,2,2,yes,1,,,,1,,,,,,,,,,,,
GetWindowRect,user32,2,2,yes,,,,,1,,,1,,,,,,,,,
GlobalAlloc,kernel32,2,2,yes,1,,,,,,,1,,,,,,,,,
GlobalFree,kernel32,2,2,yes,1,,,,,,,1,,,,,,,,,
PostQuitMessage,user32,2,1,yes,,,,,,,,,,,,,,,,,2
SetWindowPos,user32,2,1,yes,,,,,,,,2,,,,,,,,,
SystemParametersInfoA,user32,2,1,yes,,,,,,,,,2,,,,,,,,
UpdateWindow,user32,2,2,yes,,,,,,,,1,,,,,,,,,1
acmDriverClose,winmm,2,1,yes,,,,,,,,,,,,,,2,,,
acmMetrics,winmm,2,1,yes,,,,,,,,,,,,,,2,,,
lstrlenA,kernel32,2,2,no,,,,,,,,1,,,1,,,,,,
mmioClose,winmm,2,1,yes,,,,,,,,,,,,,,2,,,
wsprintfA,user32,2,1,yes,,,,,,,,2,,,,,,,,,
CoInitialize,ole32,1,1,yes,,,,1,,,,,,,,,,,,,
CoUninitialize,ole32,1,1,yes,,,,1,,,,,,,,,,,,,
CreateWindowExA,user32,1,1,yes,,,,,,,,,,,,,,,,,1
DefWindowProcA,user32,1,1,yes,,,,,,,,,,,,,,,,,1
DestroyWindow,user32,1,1,yes,,,,,,,,,,,,,,,,,1
DirectInputCreateEx,dx7-entry,1,1,yes,,,,,,,,,1,,,,,,,,
DirectSoundCreate,dx7-entry,1,1,yes,,,,,,,,,,,,,,1,,,
DispatchMessageA,user32,1,1,yes,,,,,,,,,,,,,,,,,1
DrawMenuBar,user32,1,1,yes,,,,,,,,,,,,,,,,,1
FindWindowA,user32,1,1,yes,,,,,,,,,,,,,,,,,1
GetAsyncKeyState,user32,1,1,yes,,,,,1,,,,,,,,,,,,
GetFileSize,kernel32,1,1,yes,1,,,,,,,,,,,,,,,,
GetMessageA,user32,1,1,yes,,,,,,,,,,,,,,,,,1
GetModuleHandleA,kernel32,1,1,yes,,,,,,,,,,,,,,,,,1
GetStockObject,gdi32,1,1,yes,,,,,,,,,,,,,,,,,1
GetVersionExA,kernel32,1,1,yes,,,,,,,,,,,,,,1,,,
LoadCursorA,user32,1,1,yes,,,,,,,,,,,,,,,,,1
LoadIconA,user32,1,1,yes,,,,,,,,,,,,,,,,,1
PeekMessageA,user32,1,1,yes,,,,,,,,,,,,,,,,,1
ReadFile,kernel32,1,1,yes,1,,,,,,,,,,,,,,,,
RegQueryValueExA,advapi32,1,1,yes,,,,,,,,,,,,,1,,,,
RegisterClassA,user32,1,1,yes,,,,,,,,,,,,,,,,,1
SetFocus,user32,1,1,yes,,,,,,,,,,,,,,,,,1
Sleep,kernel32,1,1,yes,,,,,,,,,,,,,,1,,,
StretchBlt,gdi32,1,1,no,,,,,,,,1,,,,,,,,,
TranslateMessage,user32,1,1,yes,,,,,,,,,,,,,,,,,1
acmDriverEnum,winmm,1,1,yes,,,,,,,,,,,,,,1,,,
acmStreamClose,winmm,1,1,yes,,,,,,,,,,,,,,1,,,
acmStreamConvert,winmm,1,1,yes,,,,,,,,,,,,,,1,,,
acmStreamOpen,winmm,1,1,yes,,,,,,,,,,,,,,1,,,
acmStreamPrepareHeader,winmm,1,1,yes,,,,,,,,,,,,,,1,,,
mmioAscend,winmm,1,1,yes,,,,,,,,,,,,,,1,,,
mmioGetInfo,winmm,1,1,yes,,,,,,,,,,,,,,1,,,
mmioSeek,winmm,1,1,yes,,,,,,,,,,,,,,1,,,
mmioSetInfo,winmm,1,1,yes,,,,,,,,,,,,,,1,,,
vsprintf,crtshim,1,1,no,,,,,,,,,,,,,,,,1,
