symbol,dll_family,tu_count,sites,in_shim,tus
timeGetTime,winmm,7,17,yes,FrontendDraw.cpp;FrontendScreens.cpp;Game.cpp;GameInfo.cpp;GameMenus.cpp;RallyData.cpp;main.cpp
ShowWindow,user32,4,7,yes,FileBuffer.cpp;FrontendScreens.cpp;Graphics.cpp;main.cpp
GetSystemMetrics,user32,3,11,yes,GameInfo.cpp;Graphics.cpp;main.cpp
ShowCursor,user32,3,9,yes,FileBuffer.cpp;FrontendScreens.cpp;main.cpp
lstrcpyA,kernel32,3,4,no,Graphics.cpp;InstallInfo.cpp;Logger.cpp
CloseHandle,kernel32,3,3,yes,FileBuffer.cpp;InstallInfo.cpp;Logger.cpp
CreateFileA,kernel32,3,3,yes,FileBuffer.cpp;InstallInfo.cpp;Logger.cpp
GlobalHandle,kernel32,2,6,yes,FileBuffer.cpp;Graphics.cpp
_splitpath,crtshim,2,5,yes,Graphics.cpp;StageObjects.cpp
GetClientRect,user32,2,4,yes,GameInfo.cpp;Graphics.cpp
SetCurrentDirectoryA,kernel32,2,4,yes,FileBuffer.cpp;GameInfo.cpp
WriteFile,kernel32,2,4,yes,InstallInfo.cpp;Logger.cpp
GetFileAttributesA,kernel32,2,3,yes,FileBuffer.cpp;InstallInfo.cpp
GlobalLock,kernel32,2,3,yes,FileBuffer.cpp;Graphics.cpp
GlobalUnlock,kernel32,2,3,yes,FileBuffer.cpp;Graphics.cpp
IsEqualGUID,ole32,2,3,no,FrontendScreens.cpp;Input.cpp
MessageBoxA,user32,2,3,yes,Graphics.cpp;InstallInfo.cpp
_strlwr,crtshim,2,3,yes,GenericFileLoader.cpp;Graphics.cpp
FindClose,kernel32,2,2,yes,FileBuffer.cpp;GameInfo.cpp
FindFirstFileA,kernel32,2,2,yes,FileBuffer.cpp;GameInfo.cpp
FindNextFileA,kernel32,2,2,yes,FileBuffer.cpp;GameInfo.cpp
GetCurrentDirectoryA,kernel32,2,2,yes,FileBuffer.cpp;GameInfo.cpp
GetWindowRect,user32,2,2,yes,GameInfo.cpp;Graphics.cpp
GlobalAlloc,kernel32,2,2,yes,FileBuffer.cpp;Graphics.cpp
GlobalFree,kernel32,2,2,yes,FileBuffer.cpp;Graphics.cpp
UpdateWindow,user32,2,2,yes,Graphics.cpp;main.cpp
lstrlenA,kernel32,2,2,no,Graphics.cpp;Logger.cpp
_stricmp,crtshim,1,11,no,InstallInfo.cpp
GetDC,user32,1,5,yes,Graphics.cpp
GetDeviceCaps,gdi32,1,5,yes,Graphics.cpp
DirectDrawCreateEx,dx7-entry,1,4,yes,Graphics.cpp
RegCloseKey,advapi32,1,4,yes,RegKey.cpp
RegOpenKeyExA,advapi32,1,4,yes,RegKey.cpp
ClientToScreen,user32,1,3,yes,Graphics.cpp
ReleaseDC,user32,1,3,yes,Graphics.cpp
acmDriverOpen,winmm,1,3,yes,Sound.cpp
mmioDescend,winmm,1,3,yes,Sound.cpp
mmioRead,winmm,1,3,yes,Sound.cpp
CoCreateInstance,ole32,1,2,yes,Game.cpp
D3DXInitialize,dx7-entry,1,2,no,main.cpp
D3DXUninitialize,dx7-entry,1,2,no,main.cpp
DirectDrawEnumerateExA,dx7-entry,1,2,yes,Graphics.cpp
PostQuitMessage,user32,1,2,yes,main.cpp
SetWindowPos,user32,1,2,yes,Graphics.cpp
SystemParametersInfoA,user32,1,2,yes,Input.cpp
acmDriverClose,winmm,1,2,yes,Sound.cpp
acmMetrics,winmm,1,2,yes,Sound.cpp
mmioClose,winmm,1,2,yes,Sound.cpp
wsprintfA,user32,1,2,yes,Graphics.cpp
CoInitialize,ole32,1,1,yes,Game.cpp
CoUninitialize,ole32,1,1,yes,Game.cpp
CreateWindowExA,user32,1,1,yes,main.cpp
DefWindowProcA,user32,1,1,yes,main.cpp
DestroyWindow,user32,1,1,yes,main.cpp
DirectInputCreateEx,dx7-entry,1,1,yes,Input.cpp
DirectSoundCreate,dx7-entry,1,1,yes,Sound.cpp
DispatchMessageA,user32,1,1,yes,main.cpp
DrawMenuBar,user32,1,1,yes,main.cpp
FindWindowA,user32,1,1,yes,main.cpp
GetAsyncKeyState,user32,1,1,yes,GameInfo.cpp
GetFileSize,kernel32,1,1,yes,FileBuffer.cpp
GetMessageA,user32,1,1,yes,main.cpp
GetModuleHandleA,kernel32,1,1,yes,main.cpp
GetStockObject,gdi32,1,1,yes,main.cpp
GetVersionExA,kernel32,1,1,yes,Sound.cpp
LoadCursorA,user32,1,1,yes,main.cpp
LoadIconA,user32,1,1,yes,main.cpp
PeekMessageA,user32,1,1,yes,main.cpp
ReadFile,kernel32,1,1,yes,FileBuffer.cpp
RegQueryValueExA,advapi32,1,1,yes,RegKey.cpp
RegisterClassA,user32,1,1,yes,main.cpp
SetFocus,user32,1,1,yes,main.cpp
Sleep,kernel32,1,1,yes,Sound.cpp
StretchBlt,gdi32,1,1,no,Graphics.cpp
TranslateMessage,user32,1,1,yes,main.cpp
acmDriverEnum,winmm,1,1,yes,Sound.cpp
acmStreamClose,winmm,1,1,yes,Sound.cpp
acmStreamConvert,winmm,1,1,yes,Sound.cpp
acmStreamOpen,winmm,1,1,yes,Sound.cpp
acmStreamPrepareHeader,winmm,1,1,yes,Sound.cpp
mmioAscend,winmm,1,1,yes,Sound.cpp
mmioGetInfo,winmm,1,1,yes,Sound.cpp
mmioSeek,winmm,1,1,yes,Sound.cpp
mmioSetInfo,winmm,1,1,yes,Sound.cpp
vsprintf,crtshim,1,1,no,ZlibGzio.cpp
